<?xml version="1.0"?>
<!DOCTYPE Configure PUBLIC "-//Jetty//Configure//EN" "http://www.eclipse.org/jetty/configure_9_0.dtd">
<Configure id="Server" class="org.eclipse.jetty.server.Server">
    <Ref refid="Handlers">
        <Call name="addHandler">
            <Arg>
                
                <Call name="getInstance" class="org.netbeans.jetty.server.support.CommandManager">
                    <!--
                        Uncomment the following three lines 
                        if you want to receive detailed messages
                    -->
                    
                     <Arg>
                         YES
                     </Arg>    
                </Call>
                
                <!--New id="CommandManager" class="org.jetty.custom.handlers.CommandManager">
                     <Arg>
                         YES
                     </Arg>    
                </New-->
            </Arg>
        </Call>
    </Ref>
</Configure>
